HBO1,HHB1,HBO2,HHB2,d1,a1,a2,b1,b2,ID
6.728941626460437,4.941713376599162,33.52720106684215,21.221216558940732,15.0,3.1949179414655067,1.4716141177545983,0.8886056510124676,0.8379273386938877,1751
14.228941626460438,9.94171337659916,48.52720106684215,31.221216558940732,20.0,1.9449179414655067,2.9716141177545983,1.1386056510124676,0.3879273386938878,1752
13.291441626460438,4.316713376599162,39.15220106684215,34.97121655894073,10.0,2.1011679414655067,3.9091141177545983,0.9198556510124676,0.5566773386938878,1753
5.791441626460437,9.31671337659916,54.15220106684215,24.971216558940732,15.0,3.3511679414655067,2.4091141177545983,1.1698556510124676,1.0066773386938879,1754
9.541441626460436,6.816713376599162,31.65220106684215,29.971216558940732,13.0,2.7261679414655067,1.6591141177545983,1.2948556510124676,0.7816773386938878,1755
17.04144162646044,11.81671337659916,46.65220106684215,19.971216558940732,18.0,3.9761679414655067,3.1591141177545983,1.0448556510124676,0.3316773386938878,1756
15.166441626460438,5.566713376599162,50.40220106684215,32.47121655894073,12.0,1.788667941465507,3.5341141177545983,1.2323556510124676,0.44417733869388776,1757
7.666441626460437,10.56671337659916,35.40220106684215,22.471216558940732,17.0,3.0386679414655067,2.0341141177545983,0.9823556510124676,0.8941773386938878,1758
18.91644162646044,3.0667133765991617,42.90220106684215,27.471216558940732,19.0,3.6636679414655067,1.2841141177545983,1.1073556510124676,0.6691773386938877,1759
11.416441626460436,8.06671337659916,27.90220106684215,17.471216558940732,14.0,2.4136679414655067,2.7841141177545983,0.8573556510124676,1.119177338693888,1760
11.182066626460436,5.410463376599162,36.80845106684215,30.283716558940732,17.0,1.515230441465507,1.7997391177545983,1.1620431510124676,0.6269898386938878,1761
18.68206662646044,10.41046337659916,51.80845106684215,20.283716558940732,12.0,2.7652304414655067,3.2997391177545983,0.9120431510124676,1.0769898386938879,1762
7.432066626460437,2.9104633765991617,29.30845106684215,15.283716558940732,15.0,3.3902304414655067,1.0497391177545987,1.0370431510124676,0.4019898386938878,1763
14.932066626460438,7.910463376599162,44.30845106684215,25.283716558940732,20.0,2.1402304414655067,2.5497391177545983,1.2870431510124676,0.8519898386938878,1764
16.80706662646044,4.160463376599162,48.05845106684215,27.783716558940732,16.0,2.4527304414655067,1.4247391177545983,0.9745431510124676,0.7394898386938877,1765
9.307066626460436,9.16046337659916,33.05845106684215,17.783716558940732,11.0,3.7027304414655067,2.9247391177545983,1.2245431510124676,1.189489838693888,1766
5.557066626460437,6.660463376599162,40.55845106684215,32.78371655894073,18.0,3.0777304414655067,3.6747391177545983,0.8495431510124676,0.5144898386938878,1767
13.057066626460438,11.66046337659916,25.55845106684215,22.783716558940732,13.0,1.827730441465507,2.1747391177545983,1.0995431510124676,0.9644898386938878,1768
13.994566626460438,12.28546337659916,46.18345106684215,19.033716558940732,13.0,1.671480441465507,1.6122391177545983,0.8182931510124676,0.7957398386938878,1769
6.494566626460437,7.285463376599162,31.18345106684215,29.033716558940732,18.0,2.9214804414655067,3.1122391177545983,1.0682931510124676,0.3457398386938878,1770
10.244566626460436,4.785463376599162,53.68345106684215,24.033716558940732,10.0,3.5464804414655067,3.8622391177545983,0.9432931510124676,0.5707398386938878,1771
17.74456662646044,9.78546337659916,38.68345106684215,34.03371655894073,15.0,2.2964804414655067,2.3622391177545983,1.1932931510124676,1.0207398386938877,1772
15.869566626460438,6.035463376599162,27.43345106684215,21.533716558940732,11.0,1.9839804414655067,1.2372391177545983,1.0057931510124676,0.6832398386938878,1773
8.369566626460436,11.03546337659916,42.43345106684215,31.533716558940732,16.0,3.2339804414655067,2.7372391177545983,1.2557931510124676,1.1332398386938878,1774
19.61956662646044,3.5354633765991617,34.93345106684215,26.533716558940732,14.0,2.6089804414655067,3.4872391177545983,1.1307931510124676,0.4582398386938878,1775
12.119566626460436,8.53546337659916,49.93345106684215,16.533716558940732,19.0,3.8589804414655067,1.9872391177545983,0.8807931510124676,0.9082398386938879,1776
11.650816626460436,3.8479633765991617,30.24595106684215,32.15871655894073,19.0,3.1558554414655067,3.3934891177545983,1.2401681510124676,0.880114838693888,1777
19.15081662646044,8.84796337659916,45.24595106684215,22.158716558940732,14.0,1.9058554414655067,1.8934891177545983,0.9901681510124676,0.4301148386938878,1778
7.900816626460437,6.347963376599162,37.74595106684215,27.158716558940732,12.0,3.7808554414655067,2.6434891177545983,0.8651681510124676,1.1051148386938878,1779
15.400816626460438,11.34796337659916,52.74595106684215,17.158716558940732,17.0,2.5308554414655067,1.1434891177545987,1.1151681510124676,0.6551148386938878,1780
17.27581662646044,5.097963376599162,41.49595106684215,34.65871655894073,13.0,2.8433554414655067,3.0184891177545983,1.0526681510124676,0.9926148386938878,1781
9.775816626460436,10.09796337659916,26.49595106684215,24.658716558940732,18.0,1.593355441465507,1.5184891177545983,0.8026681510124676,0.5426148386938878,1782
6.025816626460437,2.5979633765991617,48.99595106684215,29.658716558940732,11.0,2.2183554414655067,2.2684891177545983,1.1776681510124676,0.3176148386938878,1783
13.525816626460438,7.597963376599162,33.99595106684215,19.658716558940732,16.0,3.4683554414655067,3.7684891177545983,0.9276681510124676,0.7676148386938877,1784
12.588316626460436,6.972963376599162,50.87095106684215,25.908716558940732,15.0,3.6246054414655067,3.2059891177545983,1.2089181510124676,1.048864838693888,1785
5.088316626460437,11.97296337659916,35.87095106684215,15.908716558940732,20.0,2.3746054414655067,1.7059891177545983,0.9589181510124676,0.5988648386938877,1786
8.838316626460436,4.472963376599162,43.37095106684215,20.908716558940732,17.0,1.749605441465507,2.4559891177545983,1.0839181510124676,0.3738648386938878,1787
16.33831662646044,9.47296337659916,28.37095106684215,30.908716558940732,12.0,2.9996054414655067,3.9559891177545983,0.8339181510124676,0.8238648386938878,1788
14.463316626460438,3.2229633765991617,32.12095106684215,23.408716558940732,19.0,2.6871054414655067,2.8309891177545983,0.8964181510124676,0.9363648386938879,1789
6.963316626460437,8.22296337659916,47.12095106684215,33.40871655894073,14.0,3.9371054414655067,1.3309891177545983,1.1464181510124676,0.4863648386938878,1790
18.21331662646044,5.722963376599162,54.62095106684215,18.408716558940732,16.0,2.0621054414655067,2.0809891177545983,1.2714181510124676,1.1613648386938877,1791
10.713316626460436,10.72296337659916,39.62095106684215,28.408716558940732,11.0,3.3121054414655067,3.5809891177545983,1.0214181510124676,0.7113648386938878,1792
10.684019751460436,5.742494626599162,51.86704481684215,22.744654058940732,18.0,2.3697226289655067,2.9540359927545983,1.1766915885124676,0.5549195261938877,1793
18.18401975146044,10.74249462659916,36.86704481684215,32.74465405894073,13.0,3.6197226289655067,1.4540359927545983,0.9266915885124676,1.004919526193888,1794
6.934019751460437,3.2424946265991617,44.36704481684215,17.744654058940732,16.0,2.9947226289655067,2.2040359927545983,1.0516915885124676,0.7799195261938878,1795
14.434019751460438,8.24249462659916,29.36704481684215,27.744654058940732,11.0,1.744722628965507,3.7040359927545983,0.8016915885124676,0.3299195261938878,1796
16.30901975146044,4.492494626599162,33.11704481684215,25.244654058940732,15.0,3.9322226289655067,3.3290359927545983,0.8641915885124676,0.4424195261938878,1797
8.809019751460436,9.49249462659916,48.11704481684215,15.244654058940732,20.0,2.6822226289655067,1.8290359927545983,1.1141915885124676,0.8924195261938879,1798
5.059019751460437,6.992494626599162,25.61704481684215,20.244654058940732,17.0,3.3072226289655067,2.5790359927545983,1.2391915885124676,0.6674195261938878,1799
12.559019751460436,11.99249462659916,40.61704481684215,30.244654058940732,12.0,2.0572226289655067,1.0790359927545987,0.9891915885124676,1.1174195261938877,1800
13.496519751460438,2.6174946265991617,31.24204481684215,16.494654058940732,14.0,1.9009726289655067,2.7665359927545983,1.2704415885124676,0.4986695261938878,1801
5.996519751460437,7.617494626599162,46.24204481684215,26.494654058940732,19.0,3.1509726289655067,1.2665359927545983,1.0204415885124676,0.9486695261938878,1802
9.746519751460436,5.117494626599162,38.74204481684215,31.494654058940732,11.0,2.5259726289655067,2.0165359927545983,0.8954415885124676,0.7236695261938877,1803
17.24651975146044,10.11749462659916,53.74204481684215,21.494654058940732,16.0,3.7759726289655067,3.5165359927545983,1.1454415885124676,1.1736695261938879,1804
15.371519751460438,6.367494626599162,42.49204481684215,33.99465405894073,10.0,1.588472628965507,3.1415359927545983,1.0829415885124676,0.6111695261938878,1805
7.871519751460437,11.36749462659916,27.49204481684215,23.994654058940732,15.0,2.8384726289655067,1.6415359927545983,0.8329415885124676,1.0611695261938878,1806
19.12151975146044,3.8674946265991617,49.99204481684215,28.994654058940732,13.0,3.4634726289655067,2.3915359927545983,1.2079415885124676,0.8361695261938877,1807
11.621519751460436,8.86749462659916,34.99204481684215,18.994654058940732,18.0,2.2134726289655067,3.8915359927545983,0.9579415885124676,0.3861695261938878,1808
12.090269751460436,3.5549946265991617,45.30454481684215,19.619654058940732,10.0,2.9165976289655067,1.5477859927545983,0.8485665885124676,0.3017945261938878,1809
19.59026975146044,8.55499462659916,30.30454481684215,29.619654058940732,15.0,1.666597628965507,3.0477859927545983,1.0985665885124676,0.7517945261938878,1810
8.340269751460436,6.054994626599162,52.80454481684215,24.619654058940732,13.0,2.2915976289655067,3.7977859927545983,0.9735665885124676,0.9767945261938877,1811
15.840269751460438,11.05499462659916,37.80454481684215,34.61965405894073,18.0,3.5415976289655067,2.2977859927545983,1.2235665885124676,0.5267945261938878,1812
17.71526975146044,4.804994626599162,26.55454481684215,17.119654058940732,12.0,3.2290976289655067,1.9227859927545983,1.0360665885124676,1.0892945261938878,1813
10.215269751460436,9.80499462659916,41.55454481684215,27.119654058940732,17.0,1.9790976289655067,3.4227859927545983,1.2860665885124676,0.6392945261938878,1814
6.465269751460437,12.30499462659916,34.05454481684215,22.119654058940732,19.0,3.8540976289655067,1.1727859927545987,1.1610665885124676,0.8642945261938879,1815
13.965269751460438,7.304994626599162,49.05454481684215,32.11965405894073,14.0,2.6040976289655067,2.6727859927545983,0.9110665885124676,0.4142945261938878,1816
13.027769751460438,6.679994626599162,35.92954481684215,28.369654058940732,16.0,2.7603476289655067,1.3602859927545983,1.1298165885124676,1.145544526193888,1817
5.527769751460437,11.67999462659916,50.92954481684215,18.369654058940732,11.0,1.510347628965507,2.8602859927545983,0.8798165885124676,0.6955445261938877,1818
9.277769751460436,4.179994626599162,28.42954481684215,33.36965405894073,19.0,2.1353476289655067,3.6102859927545983,1.0048165885124676,0.9205445261938878,1819
16.77776975146044,9.17999462659916,43.42954481684215,23.369654058940732,14.0,3.3853476289655067,2.1102859927545983,1.2548165885124676,0.47054452619388776,1820
14.902769751460438,2.9299946265991617,47.17954481684215,30.869654058940732,17.0,3.6978476289655067,1.7352859927545983,0.9423165885124676,0.3580445261938878,1821
7.402769751460437,7.929994626599162,32.17954481684215,20.869654058940732,12.0,2.4478476289655067,3.2352859927545983,1.1923165885124676,0.8080445261938878,1822
18.65276975146044,5.429994626599162,39.67954481684215,15.869654058940732,15.0,1.822847628965507,3.9852859927545983,0.8173165885124676,1.0330445261938879,1823
11.152769751460436,10.42999462659916,54.67954481684215,25.869654058940732,20.0,3.0728476289655067,2.4852859927545983,1.0673165885124676,0.5830445261938878,1824
11.387144751460436,3.0862446265991617,38.27329481684215,34.30715405894073,13.0,3.3462851289655067,3.6571609927545983,0.8876290885124676,1.0471070261938877,1825
18.88714475146044,8.08624462659916,53.27329481684215,24.307154058940732,18.0,2.0962851289655067,2.1571609927545983,1.1376290885124676,0.5971070261938878,1826
7.637144751460437,5.586244626599162,30.77329481684215,29.307154058940732,10.0,3.9712851289655067,1.4071609927545983,1.2626290885124676,0.3721070261938878,1827
15.137144751460438,10.58624462659916,45.77329481684215,19.307154058940732,15.0,2.7212851289655067,2.9071609927545983,1.0126290885124676,0.8221070261938879,1828
17.01214475146044,6.836244626599162,49.52329481684215,16.807154058940732,11.0,3.0337851289655067,1.0321609927545987,1.2001290885124676,0.9346070261938879,1829
9.512144751460436,11.83624462659916,34.52329481684215,26.807154058940732,16.0,1.783785128965507,2.5321609927545983,0.9501290885124676,0.4846070261938878,1830
5.762144751460437,4.336244626599162,42.02329481684215,31.807154058940732,14.0,2.4087851289655067,1.7821609927545983,1.0751290885124676,1.1596070261938878,1831
13.262144751460438,9.33624462659916,27.02329481684215,21.807154058940732,19.0,3.6587851289655067,3.2821609927545983,0.8251290885124676,0.7096070261938878,1832
14.199644751460438,4.961244626599162,43.89829481684215,25.557154058940732,17.0,3.5025351289655067,3.4696609927545983,1.1063790885124676,0.8783570261938878,1833
6.699644751460437,9.96124462659916,28.89829481684215,15.557154058940732,12.0,2.2525351289655067,1.9696609927545983,0.8563790885124676,0.4283570261938878,1834
10.449644751460436,12.46124462659916,51.39829481684215,20.557154058940732,14.0,1.627535128965507,1.2196609927545983,1.2313790885124676,1.1033570261938879,1835
17.94964475146044,7.461244626599162,36.39829481684215,30.557154058940732,19.0,2.8775351289655067,2.7196609927545983,0.9813790885124676,0.6533570261938878,1836
16.07464475146044,3.7112446265991617,25.14829481684215,23.057154058940732,16.0,2.5650351289655067,3.8446609927545983,1.2938790885124676,0.9908570261938878,1837
8.574644751460436,8.71124462659916,40.14829481684215,33.05715405894073,11.0,3.8150351289655067,2.3446609927545983,1.0438790885124676,0.5408570261938878,1838
19.82464475146044,6.211244626599162,32.64829481684215,18.057154058940732,18.0,1.9400351289655067,1.5946609927545983,0.9188790885124676,0.31585702619388784,1839
12.324644751460436,11.21124462659916,47.64829481684215,28.057154058940732,13.0,3.1900351289655067,3.0946609927545983,1.1688790885124676,0.7658570261938877,1840
11.855894751460436,5.898744626599162,29.83579481684215,31.182154058940732,15.0,3.8931601289655067,2.2509109927545983,1.0282540885124676,0.7939820261938877,1841
19.35589475146044,10.89874462659916,44.83579481684215,21.182154058940732,20.0,2.6431601289655067,3.7509109927545983,1.2782540885124676,0.3439820261938878,1842
8.105894751460436,3.3987446265991617,37.33579481684215,16.182154058940732,17.0,3.2681601289655067,3.0009109927545983,1.1532540885124676,0.5689820261938878,1843
15.605894751460438,8.39874462659916,52.33579481684215,26.182154058940732,12.0,2.0181601289655067,1.5009109927545983,0.9032540885124676,1.0189820261938878,1844
17.48089475146044,12.14874462659916,41.08579481684215,28.682154058940732,18.0,2.3306601289655067,2.6259109927545983,0.8407540885124676,0.6814820261938878,1845
9.980894751460436,7.148744626599162,26.08579481684215,18.682154058940732,13.0,3.5806601289655067,1.1259109927545987,1.0907540885124676,1.1314820261938878,1846
6.230894751460437,4.648744626599162,48.58579481684215,33.68215405894073,16.0,2.9556601289655067,3.3759109927545983,0.9657540885124676,0.4564820261938878,1847
13.730894751460438,9.64874462659916,33.58579481684215,23.682154058940732,11.0,1.705660128965507,1.8759109927545983,1.2157540885124676,0.906482026193888,1848
12.793394751460436,4.023744626599162,54.21079481684215,17.432154058940732,19.0,1.861910128965507,2.0634109927545983,0.9345040885124676,0.6252320261938877,1849
5.293394751460437,9.02374462659916,39.21079481684215,27.432154058940732,14.0,3.1119101289655067,3.5634109927545983,1.1845040885124676,1.075232026193888,1850
9.043394751460436,6.523744626599162,46.71079481684215,22.432154058940732,12.0,3.7369101289655067,2.8134109927545983,0.8095040885124676,0.4002320261938878,1851
16.54339475146044,11.52374462659916,31.71079481684215,32.43215405894073,17.0,2.4869101289655067,1.3134109927545983,1.0595040885124676,0.8502320261938878,1852
14.668394751460438,5.273744626599162,35.46079481684215,19.932154058940732,13.0,2.1744101289655067,2.4384109927545983,1.1220040885124676,0.7377320261938878,1853
7.168394751460437,10.27374462659916,50.46079481684215,29.932154058940732,18.0,3.4244101289655067,3.9384109927545983,0.8720040885124676,1.1877320261938877,1854
18.41839475146044,2.7737446265991617,27.96079481684215,24.932154058940732,10.0,2.7994101289655067,3.1884109927545983,0.9970040885124676,0.5127320261938878,1855
10.918394751460436,7.773744626599162,42.96079481684215,34.93215405894073,15.0,1.549410128965507,1.6884109927545983,1.2470040885124676,0.9627320261938879,1856
11.035582251460436,4.258119626599162,27.72641981684215,27.588404058940732,18.0,1.725191378965507,1.0087234927545987,0.8915353385124676,0.4494507761938878,1857
18.53558225146044,9.25811962659916,42.72641981684215,17.588404058940732,13.0,2.9751913789655067,2.5087234927545983,1.1415353385124676,0.8994507761938879,1858
7.285582251460437,6.758119626599162,35.22641981684215,32.58840405894073,15.0,3.6001913789655067,1.7587234927545983,1.2665353385124676,0.6744507761938878,1859
14.785582251460438,11.75811962659916,50.22641981684215,22.588404058940732,10.0,2.3501913789655067,3.2587234927545983,1.0165353385124676,1.1244507761938878,1860
16.66058225146044,5.508119626599162,46.47641981684215,30.088404058940732,16.0,2.0376913789655067,3.6337234927545983,1.2040353385124676,0.5619507761938878,1861
9.160582251460436,10.50811962659916,31.47641981684215,20.088404058940732,11.0,3.2876913789655067,2.1337234927545983,0.9540353385124676,1.0119507761938877,1862
5.410582251460437,3.0081196265991617,53.97641981684215,15.088404058940732,19.0,2.6626913789655067,1.3837234927545983,1.0790353385124676,0.7869507761938878,1863
12.910582251460436,8.00811962659916,38.97641981684215,25.088404058940732,14.0,3.9126913789655067,2.8837234927545983,0.8290353385124676,0.3369507761938878,1864
13.848082251460438,6.133119626599162,48.35141981684215,21.338404058940732,12.0,1.568941378965507,3.8212234927545983,1.0477853385124676,0.5057007761938878,1865
6.348082251460437,11.13311962659916,33.35141981684215,31.338404058940732,17.0,2.8189413789655067,2.3212234927545983,1.2977853385124676,0.9557007761938878,1866
10.098082251460436,3.6331196265991617,40.85141981684215,26.338404058940732,19.0,3.4439413789655067,1.5712234927545983,1.1727853385124676,0.7307007761938877,1867
17.59808225146044,8.63311962659916,25.85141981684215,16.338404058940732,14.0,2.1939413789655067,3.0712234927545983,0.9227853385124676,1.180700776193888,1868
15.723082251460438,12.38311962659916,37.10141981684215,18.838404058940732,11.0,2.5064413789655067,3.4462234927545983,1.2352853385124676,0.3932007761938878,1869
8.223082251460436,7.383119626599162,52.10141981684215,28.838404058940732,16.0,3.7564413789655067,1.9462234927545983,0.9852853385124676,0.8432007761938878,1870
19.47308225146044,4.883119626599162,29.60141981684215,23.838404058940732,13.0,3.1314413789655067,1.1962234927545983,0.8602853385124676,0.6182007761938878,1871
11.973082251460436,9.88311962659916,44.60141981684215,33.83840405894073,18.0,1.881441378965507,2.6962234927545983,1.1102853385124676,1.0682007761938879,1872
12.441832251460436,4.570619626599162,32.41391981684215,15.713404058940732,20.0,3.6783163789655067,2.6024734927545983,1.0009103385124676,1.1525757761938877,1873
19.94183225146044,9.57061962659916,47.41391981684215,25.713404058940732,15.0,2.4283163789655067,1.1024734927545987,1.2509103385124676,0.7025757761938878,1874
8.691832251460436,12.07061962659916,54.91391981684215,30.713404058940732,12.0,1.803316378965507,3.3524734927545983,1.1259103385124676,0.9275757761938879,1875
16.19183225146044,7.070619626599162,39.91391981684215,20.713404058940732,17.0,3.0533163789655067,1.8524734927545983,0.8759103385124676,0.4775757761938878,1876
18.06683225146044,3.3206196265991617,51.16391981684215,33.21340405894073,14.0,2.7408163789655067,2.2274734927545983,0.8134103385124676,0.3650757761938878,1877
10.566832251460436,8.32061962659916,36.16391981684215,23.213404058940732,19.0,3.9908163789655067,3.7274734927545983,1.0634103385124676,0.8150757761938878,1878
6.816832251460437,5.820619626599162,43.66391981684215,28.213404058940732,11.0,2.1158163789655067,2.9774734927545983,0.9384103385124676,1.040075776193888,1879
14.316832251460438,10.82061962659916,28.66391981684215,18.213404058940732,16.0,3.3658163789655067,1.4774734927545983,1.1884103385124676,0.5900757761938877,1880
13.379332251460438,2.6956196265991617,41.78891981684215,24.463404058940732,14.0,3.2095663789655067,2.4149734927545983,0.9696603385124676,0.3088257761938878,1881
5.879332251460437,7.695619626599162,26.78891981684215,34.46340405894073,19.0,1.9595663789655067,3.9149734927545983,1.2196603385124676,0.7588257761938877,1882
9.629332251460436,5.195619626599162,49.28891981684215,19.463404058940732,17.0,3.8345663789655067,3.1649734927545983,0.8446603385124676,0.9838257761938878,1883
17.12933225146044,10.19561962659916,34.28891981684215,29.463404058940732,12.0,2.5845663789655067,1.6649734927545983,1.0946603385124676,0.5338257761938878,1884
15.254332251460438,6.445619626599162,30.53891981684215,26.963404058940732,18.0,2.8970663789655067,2.0399734927545983,1.1571603385124676,1.0963257761938878,1885
7.754332251460437,11.44561962659916,45.53891981684215,16.963404058940732,13.0,1.647066378965507,3.5399734927545983,0.9071603385124676,0.6463257761938878,1886
19.00433225146044,3.9456196265991617,38.03891981684215,21.963404058940732,15.0,2.2720663789655067,2.7899734927545983,1.0321603385124676,0.871325776193888,1887
11.504332251460436,8.94561962659916,53.03891981684215,31.963404058940732,10.0,3.5220663789655067,1.2899734927545983,1.2821603385124676,0.4213257761938878,1888
11.269957251460436,6.914369626599162,40.38266981684215,18.525904058940732,13.0,2.6236288789655067,3.3055984927545983,1.2274728385124676,0.8572632761938879,1889
18.76995725146044,11.91436962659916,25.38266981684215,28.525904058940732,18.0,3.8736288789655067,1.8055984927545983,0.9774728385124676,0.4072632761938878,1890
7.519957251460437,4.414369626599162,47.88266981684215,23.525904058940732,11.0,1.9986288789655067,2.5555984927545983,1.1024728385124676,1.0822632761938877,1891
15.019957251460438,9.41436962659916,32.88266981684215,33.52590405894073,16.0,3.2486288789655067,1.0555984927545987,0.8524728385124676,0.6322632761938878,1892
16.89495725146044,3.1643696265991617,29.13266981684215,21.025904058940732,20.0,3.5611288789655067,2.9305984927545983,0.9149728385124676,0.9697632761938879,1893
9.394957251460436,8.16436962659916,44.13266981684215,31.025904058940732,15.0,2.3111288789655067,1.4305984927545983,1.1649728385124676,0.5197632761938877,1894
5.644957251460437,5.664369626599162,36.63266981684215,26.025904058940732,12.0,1.686128878965507,2.1805984927545983,1.2899728385124676,1.1947632761938878,1895
13.144957251460438,10.66436962659916,51.63266981684215,16.025904058940732,17.0,2.9361288789655067,3.6805984927545983,1.0399728385124676,0.7447632761938878,1896
14.082457251460438,3.7893696265991617,34.75766981684215,29.775904058940732,19.0,3.0923788789655067,3.1180984927545983,1.2587228385124676,1.0260132761938878,1897
6.582457251460437,8.78936962659916,49.75766981684215,19.775904058940732,14.0,1.842378878965507,1.6180984927545983,1.0087228385124676,0.5760132761938879,1898
10.332457251460436,6.289369626599162,27.25766981684215,34.77590405894073,16.0,2.4673788789655067,2.3680984927545983,0.8837228385124676,0.3510132761938878,1899
17.83245725146044,11.28936962659916,42.25766981684215,24.775904058940732,11.0,3.7173788789655067,3.8680984927545983,1.1337228385124676,0.8010132761938877,1900
15.957457251460438,5.039369626599162,53.50766981684215,27.275904058940732,15.0,3.4048788789655067,2.7430984927545983,1.0712228385124676,0.9135132761938878,1901
8.457457251460436,10.03936962659916,38.50766981684215,17.275904058940732,10.0,2.1548788789655067,1.2430984927545983,0.8212228385124676,0.4635132761938878,1902
19.70745725146044,2.5393696265991617,46.00766981684215,32.27590405894073,18.0,1.529878878965507,1.9930984927545983,1.1962228385124676,1.1385132761938879,1903
12.207457251460436,7.539369626599162,31.00766981684215,22.275904058940732,13.0,2.7798788789655067,3.4930984927545983,0.9462228385124676,0.6885132761938878,1904
11.738707251460436,12.22686962659916,50.69516981684215,26.650904058940732,16.0,2.0767538789655067,1.8993484927545983,0.8055978385124676,0.6603882761938877,1905
19.23870725146044,7.226869626599162,35.69516981684215,16.650904058940732,11.0,3.3267538789655067,3.3993484927545983,1.0555978385124676,1.110388276193888,1906
7.988707251460437,4.726869626599162,43.19516981684215,21.650904058940732,18.0,2.7017538789655067,1.1493484927545987,0.9305978385124676,0.4353882761938878,1907
15.488707251460438,9.72686962659916,28.19516981684215,31.650904058940732,13.0,3.9517538789655067,2.6493484927545983,1.1805978385124676,0.8853882761938878,1908
17.36370725146044,5.976869626599162,39.44516981684215,24.150904058940732,17.0,1.764253878965507,1.5243484927545983,0.9930978385124676,0.7728882761938878,1909
9.863707251460436,10.97686962659916,54.44516981684215,34.15090405894073,12.0,3.0142538789655067,3.0243484927545983,1.2430978385124676,0.3228882761938878,1910
6.113707251460437,3.4768696265991617,31.94516981684215,19.150904058940732,14.0,3.6392538789655067,3.7743484927545983,1.1180978385124676,0.5478882761938878,1911
13.613707251460438,8.47686962659916,46.94516981684215,29.150904058940732,19.0,2.3892538789655067,2.2743484927545983,0.8680978385124676,0.9978882761938879,1912
12.676207251460436,5.351869626599162,26.32016981684215,32.90090405894073,11.0,2.2330038789655067,1.7118484927545983,1.1493478385124676,0.8291382761938877,1913
5.176207251460437,10.35186962659916,41.32016981684215,22.900904058940732,16.0,3.4830038789655067,3.2118484927545983,0.8993478385124676,0.3791382761938878,1914
8.926207251460436,2.8518696265991617,33.82016981684215,27.900904058940732,14.0,2.8580038789655067,3.9618484927545983,1.0243478385124676,0.6041382761938878,1915
16.42620725146044,7.851869626599162,48.82016981684215,17.900904058940732,19.0,1.608003878965507,2.4618484927545983,1.2743478385124676,1.0541382761938878,1916
14.551207251460438,4.101869626599162,45.07016981684215,15.400904058940732,12.0,3.7955038789655067,1.3368484927545983,0.9618478385124676,0.7166382761938878,1917
7.051207251460437,9.10186962659916,30.07016981684215,25.400904058940732,17.0,2.5455038789655067,2.8368484927545983,1.2118478385124676,1.1666382761938878,1918
18.30120725146044,6.601869626599162,52.57016981684215,30.400904058940732,20.0,3.1705038789655067,3.5868484927545983,0.8368478385124676,0.4916382761938878,1919
10.801207251460436,11.60186962659916,37.57016981684215,20.400904058940732,15.0,1.9205038789655067,2.0868484927545983,1.0868478385124676,0.941638276193888,1920
10.742613501460436,12.42218212659916,43.31235731684215,31.416529058940732,10.0,2.7701132539655067,3.8095047427545983,1.0419259635124676,0.9170289011938879,1921
18.24261350146044,7.422182126599162,28.31235731684215,21.416529058940732,15.0,1.520113253965507,2.3095047427545983,1.2919259635124676,0.4670289011938878,1922
6.992613501460437,4.922182126599162,50.81235731684215,16.416529058940732,13.0,2.1451132539655067,1.5595047427545983,1.1669259635124676,1.1420289011938878,1923
14.492613501460438,9.92218212659916,35.81235731684215,26.416529058940732,18.0,3.3951132539655067,3.0595047427545983,0.9169259635124676,0.6920289011938878,1924
16.36761350146044,6.172182126599162,54.56235731684215,28.916529058940732,14.0,3.7076132539655067,3.4345047427545983,0.8544259635124676,1.0295289011938877,1925
8.867613501460436,11.17218212659916,39.56235731684215,18.916529058940732,19.0,2.4576132539655067,1.9345047427545983,1.1044259635124676,0.5795289011938878,1926
5.117613501460437,3.6721821265991617,32.06235731684215,33.91652905894073,11.0,1.832613253965507,1.1845047427545983,0.9794259635124676,0.3545289011938878,1927
12.617613501460436,8.67218212659916,47.06235731684215,23.916529058940732,16.0,3.0826132539655067,2.6845047427545983,1.2294259635124676,0.8045289011938879,1928
13.555113501460438,5.547182126599162,37.68735731684215,17.666529058940732,15.0,2.9263632539655067,3.9970047427545983,0.9481759635124676,0.9732789011938878,1929
6.055113501460437,10.54718212659916,52.68735731684215,27.666529058940732,20.0,1.676363253965507,2.4970047427545983,1.1981759635124676,0.5232789011938878,1930
9.805113501460436,3.0471821265991617,30.18735731684215,22.666529058940732,17.0,2.3013632539655067,1.7470047427545983,0.8231759635124676,1.198278901193888,1931
17.30511350146044,8.04718212659916,45.18735731684215,32.66652905894073,12.0,3.5513632539655067,3.2470047427545983,1.0731759635124676,0.7482789011938877,1932
15.430113501460438,4.297182126599162,48.93735731684215,20.166529058940732,18.0,3.2388632539655067,3.6220047427545983,1.1356759635124676,0.8607789011938878,1933
7.930113501460437,9.29718212659916,33.93735731684215,30.166529058940732,13.0,1.9888632539655067,2.1220047427545983,0.8856759635124676,0.4107789011938878,1934
19.18011350146044,6.797182126599162,41.43735731684215,25.166529058940732,16.0,3.8638632539655067,1.3720047427545983,1.0106759635124676,1.0857789011938879,1935
11.680113501460436,11.79718212659916,26.43735731684215,15.166529058940732,11.0,2.6138632539655067,2.8720047427545983,1.2606759635124676,0.6357789011938878,1936
12.148863501460436,6.484682126599162,53.62485731684215,33.29152905894073,17.0,1.9107382539655067,2.4032547427545983,0.8700509635124676,0.7201539011938878,1937
19.64886350146044,11.48468212659916,38.62485731684215,23.291529058940732,12.0,3.1607382539655067,3.9032547427545983,1.1200509635124676,1.1701539011938877,1938
8.398863501460436,3.9846821265991617,46.12485731684215,28.291529058940732,15.0,2.5357382539655067,3.1532547427545983,1.2450509635124676,0.4951539011938878,1939
15.898863501460438,8.98468212659916,31.12485731684215,18.291529058940732,20.0,3.7857382539655067,1.6532547427545983,0.9950509635124676,0.9451539011938879,1940
17.77386350146044,2.7346821265991617,34.87485731684215,15.791529058940732,16.0,1.598238253965507,2.0282547427545983,1.1825509635124676,0.8326539011938878,1941
10.273863501460436,7.734682126599162,49.87485731684215,25.791529058940732,11.0,2.8482382539655067,3.5282547427545983,0.9325509635124676,0.3826539011938878,1942
6.523863501460437,5.234682126599162,27.37485731684215,30.791529058940732,19.0,3.4732382539655067,2.7782547427545983,1.0575509635124676,0.6076539011938877,1943
14.023863501460438,10.23468212659916,42.37485731684215,20.791529058940732,14.0,2.2232382539655067,1.2782547427545983,0.8075509635124676,1.057653901193888,1944
13.086363501460438,3.3596821265991617,29.24985731684215,24.541529058940732,12.0,2.3794882539655067,2.5907547427545983,1.0888009635124676,0.7764039011938877,1945
5.586363501460437,8.35968212659916,44.24985731684215,34.54152905894073,17.0,3.6294882539655067,1.0907547427545987,0.8388009635124676,0.3264039011938878,1946
9.336363501460436,5.859682126599162,36.74985731684215,19.541529058940732,19.0,3.0044882539655067,3.3407547427545983,1.2138009635124676,0.5514039011938878,1947
16.83636350146044,10.85968212659916,51.74985731684215,29.541529058940732,14.0,1.754488253965507,1.8407547427545983,0.9638009635124676,1.0014039011938878,1948
14.961363501460438,4.609682126599162,40.49985731684215,22.041529058940732,10.0,3.9419882539655067,2.2157547427545983,1.2763009635124676,0.6639039011938878,1949
7.461363501460437,9.60968212659916,25.49985731684215,32.04152905894073,15.0,2.6919882539655067,3.7157547427545983,1.0263009635124676,1.1139039011938878,1950
18.71136350146044,12.10968212659916,47.99985731684215,17.041529058940732,13.0,3.3169882539655067,2.9657547427545983,0.9013009635124676,0.4389039011938878,1951
11.211363501460436,7.109682126599162,32.99985731684215,27.041529058940732,18.0,2.0669882539655067,1.4657547427545983,1.1513009635124676,0.888903901193888,1952
11.445738501460436,5.078432126599162,31.59360731684215,20.479029058940732,16.0,1.871675753965507,3.1063797427545983,0.8309884635124676,0.3967164011938878,1953
18.94573850146044,10.07843212659916,46.59360731684215,30.479029058940732,11.0,3.1216757539655067,1.6063797427545983,1.0809884635124676,0.8467164011938879,1954
7.695738501460437,2.5784321265991617,39.09360731684215,25.479029058940732,18.0,3.7466757539655067,2.3563797427545983,0.9559884635124676,0.6217164011938878,1955
15.195738501460438,7.578432126599162,54.09360731684215,15.479029058940732,13.0,2.4966757539655067,3.8563797427545983,1.2059884635124676,1.0717164011938878,1956
17.07073850146044,3.8284321265991617,42.84360731684215,17.979029058940732,17.0,2.1841757539655067,2.7313797427545983,1.0184884635124676,0.5092164011938878,1957
9.570738501460436,8.82843212659916,27.84360731684215,27.979029058940732,12.0,3.4341757539655067,1.2313797427545983,1.2684884635124676,0.959216401193888,1958
5.820738501460437,6.328432126599162,50.34360731684215,22.979029058940732,15.0,2.8091757539655067,1.9813797427545983,1.1434884635124676,0.7342164011938878,1959
13.320738501460438,11.32843212659916,35.34360731684215,32.97902905894073,20.0,1.559175753965507,3.4813797427545983,0.8934884635124676,1.1842164011938878,1960
14.258238501460438,3.2034321265991617,52.21860731684215,29.229029058940732,12.0,3.9029257539655067,3.2938797427545983,1.1122384635124676,0.5654664011938878,1961
6.758238501460437,8.20343212659916,37.21860731684215,19.229029058940732,17.0,2.6529257539655067,1.7938797427545983,0.8622384635124676,1.0154664011938879,1962
10.508238501460436,5.703432126599162,44.71860731684215,34.22902905894073,14.0,3.2779257539655067,2.5438797427545983,0.9872384635124676,0.7904664011938878,1963
18.00823850146044,10.70343212659916,29.71860731684215,24.229029058940732,19.0,2.0279257539655067,1.0438797427545987,1.2372384635124676,0.3404664011938878,1964
16.13323850146044,6.953432126599162,33.46860731684215,31.729029058940732,13.0,2.3404257539655067,2.9188797427545983,0.9247384635124676,0.45296640119388776,1965
8.633238501460436,11.95343212659916,48.46860731684215,21.729029058940732,18.0,3.5904257539655067,1.4188797427545983,1.1747384635124676,0.9029664011938878,1966
19.88323850146044,4.453432126599162,25.96860731684215,16.729029058940732,10.0,2.9654257539655067,2.1688797427545983,1.2997384635124676,0.6779664011938877,1967
12.383238501460436,9.45343212659916,40.96860731684215,26.729029058940732,15.0,1.715425753965507,3.6688797427545983,1.0497384635124676,1.127966401193888,1968
11.914488501460436,4.140932126599162,36.28110731684215,22.354029058940732,13.0,3.5123007539655067,1.7001297427545983,1.1903634635124676,1.0998414011938877,1969
19.41448850146044,9.14093212659916,51.28110731684215,32.35402905894073,18.0,2.2623007539655067,3.2001297427545983,0.9403634635124676,0.6498414011938878,1970
8.164488501460436,6.640932126599162,28.78110731684215,17.354029058940732,11.0,1.637300753965507,3.9501297427545983,1.0653634635124676,0.8748414011938879,1971
15.664488501460438,11.64093212659916,43.78110731684215,27.354029058940732,16.0,2.8873007539655067,2.4501297427545983,0.8153634635124676,0.4248414011938878,1972
17.53948850146044,5.390932126599162,47.53110731684215,24.854029058940732,19.0,2.5748007539655067,1.3251297427545983,0.8778634635124676,0.3123414011938878,1973
10.039488501460436,10.39093212659916,32.53110731684215,34.85402905894073,14.0,3.8248007539655067,2.8251297427545983,1.1278634635124676,0.7623414011938878,1974
6.289488501460437,2.8909321265991617,40.03110731684215,19.854029058940732,12.0,1.9498007539655067,3.5751297427545983,1.2528634635124676,0.9873414011938879,1975
13.789488501460438,7.890932126599162,25.03110731684215,29.854029058940732,17.0,3.1998007539655067,2.0751297427545983,1.0028634635124676,0.5373414011938877,1976
12.851988501460436,6.015932126599162,45.65610731684215,16.104029058940732,19.0,3.3560507539655067,1.8876297427545983,1.2841134635124676,0.3685914011938878,1977
5.351988501460437,11.01593212659916,30.65610731684215,26.104029058940732,14.0,2.1060507539655067,3.3876297427545983,1.0341134635124676,0.8185914011938877,1978
9.101988501460436,3.5159321265991617,53.15610731684215,31.104029058940732,16.0,3.9810507539655067,1.1376297427545987,0.9091134635124676,1.0435914011938878,1979
16.60198850146044,8.51593212659916,38.15610731684215,21.104029058940732,11.0,2.7310507539655067,2.6376297427545983,1.1591134635124676,0.5935914011938878,1980
14.726988501460438,12.26593212659916,26.90610731684215,33.60402905894073,15.0,3.0435507539655067,1.5126297427545983,1.0966134635124676,1.1560914011938879,1981
7.226988501460437,7.265932126599162,41.90610731684215,23.604029058940732,20.0,1.793550753965507,3.0126297427545983,0.8466134635124676,0.7060914011938877,1982
18.47698850146044,4.765932126599162,34.40610731684215,28.604029058940732,17.0,2.4185507539655067,3.7626297427545983,1.2216134635124676,0.9310914011938878,1983
10.976988501460436,9.76593212659916,49.40610731684215,18.604029058940732,12.0,3.6685507539655067,2.2626297427545983,0.9716134635124676,0.4810914011938878,1984
10.859801001460436,6.250307126599162,34.17173231684215,26.260279058940732,11.0,3.1802695039655067,2.7548172427545983,0.8192697135124676,0.9943726511938877,1985
18.35980100146044,11.25030712659916,49.17173231684215,16.260279058940732,16.0,1.9302695039655067,1.2548172427545983,1.0692697135124676,0.5443726511938878,1986
7.109801001460437,3.7503071265991617,26.67173231684215,21.260279058940732,13.0,3.8052695039655067,2.0048172427545983,0.9442697135124676,0.3193726511938878,1987
14.609801001460438,8.75030712659916,41.67173231684215,31.260279058940732,18.0,2.5552695039655067,3.5048172427545983,1.1942697135124676,0.7693726511938878,1988
16.48480100146044,2.5003071265991617,52.92173231684215,23.760279058940732,12.0,2.8677695039655067,3.1298172427545983,1.0067697135124676,0.8818726511938879,1989
8.984801001460436,7.500307126599162,37.92173231684215,33.76027905894073,17.0,1.617769503965507,1.6298172427545983,1.2567697135124676,0.4318726511938878,1990
5.234801001460437,5.000307126599162,45.42173231684215,18.760279058940732,20.0,2.2427695039655067,2.3798172427545983,1.1317697135124676,1.1068726511938878,1991
12.734801001460436,10.00030712659916,30.42173231684215,28.760279058940732,15.0,3.4927695039655067,3.8798172427545983,0.8817697135124676,0.6568726511938878,1992
13.672301001460438,4.375307126599162,39.79673231684215,32.51027905894073,16.0,3.6490195039655067,2.9423172427545983,1.1630197135124676,0.9381226511938878,1993
6.172301001460437,9.37530712659916,54.79673231684215,22.510279058940732,11.0,2.3990195039655067,1.4423172427545983,0.9130197135124676,0.48812265119388776,1994
9.922301001460436,6.875307126599162,47.29673231684215,27.510279058940732,19.0,1.774019503965507,2.1923172427545983,1.0380197135124676,1.163122651193888,1995
17.42230100146044,11.87530712659916,32.29673231684215,17.510279058940732,14.0,3.0240195039655067,3.6923172427545983,1.2880197135124676,0.7131226511938877,1996
15.547301001460438,5.625307126599162,28.54673231684215,15.010279058940732,18.0,2.7115195039655067,3.3173172427545983,0.9755197135124676,1.0506226511938879,1997
8.047301001460436,10.62530712659916,43.54673231684215,25.010279058940732,13.0,3.9615195039655067,1.8173172427545983,1.2255197135124676,0.6006226511938878,1998
19.29730100146044,3.1253071265991617,36.04673231684215,30.010279058940732,15.0,2.0865195039655067,2.5673172427545983,0.8505197135124676,0.3756226511938878,1999
11.797301001460436,8.12530712659916,51.04673231684215,20.010279058940732,10.0,3.3365195039655067,1.0673172427545987,1.1005197135124676,0.8256226511938878,2000
